"Name","Team","W","L","SV","G","GS","IP","K/9","BB/9","HR/9","BABIP","LOB%","GB%","HR/FB","vFA (pi)","ERA","xERA","FIP","xFIP","WAR","CSW%","tERA","playerid"
"Aaron Loup","NYM","6","0","0","65","2","56.2","9.05","2.54","0.16",".257","86.3%","50.4%","2.7%","","0.95","3.12","2.45","3.37","1.6","30.7%","2.83","10343"
"Jacob deGrom","NYM","7","2","0","15","15","92.0","14.28","1.08","0.59",".213","87.2%","44.0%","9.4%","99.1","1.08","1.55","1.23","1.61","4.9","35.8%","0.98","10954"
"Josh Hader","MIL","4","2","34","60","0","58.2","15.65","3.68","0.46",".237","91.9%","30.5%","6.8%","96.3","1.23","2.18","1.69","2.35","2.6","35.7%","1.87","14212"
"Emmanuel Clase","CLE","4","5","24","71","0","69.2","9.56","2.07","0.26",".262","76.3%","67.6%","5.9%","100.4","1.29","2.16","2.11","2.60","2.2","30.3%","2.02","21032"
"Ranger Suarez","PHI","8","5","4","39","12","106.0","9.08","2.80","0.34",".257","86.3%","59.2%","5.8%","93.8","1.36","2.63","2.72","3.37","3.0","28.1%","2.58","17277"
"Dominic Leone","SFG","4","5","2","57","4","53.2","8.39","3.69","0.34",".243","78.7%","47.5%","3.7%","95.5","1.51","3.37","3.08","4.37","0.9","27.7%","2.65","13763"
"Collin McHugh","TBR","6","1","1","37","7","64.0","10.41","1.69","0.42",".288","81.3%","44.2%","5.4%","90.9","1.55","2.31","2.12","3.06","1.8","33.7%","2.16","7531"
"Kendall Graveman","- - -","5","1","10","53","0","56.0","9.80","3.21","0.48",".246","81.6%","54.9%","9.7%","96.5","1.77","3.65","3.19","3.47","1.1","28.6%","3.51","15514"
"Andrew Chafin","- - -","2","4","5","71","0","68.2","8.39","2.49","0.52",".232","86.1%","44.9%","5.8%","92.0","1.83","2.96","2.98","4.00","1.4","28.2%","2.77","12988"
"Andrew Kittredge","TBR","9","3","8","57","4","71.2","9.67","1.88","0.88",".267","82.3%","53.5%","13.5%","97.4","1.88","2.92","3.04","3.05","1.5","31.8%","2.98","12828"
"Garrett Whitlock","BOS","8","4","2","46","0","73.1","9.94","2.09","0.74",".304","82.0%","49.7%","10.0%","96.6","1.96","2.96","2.84","3.22","1.6","30.3%","3.20","20191"
"Luke Jackson","ATL","2","2","0","71","0","63.2","9.90","4.10","0.85",".253","90.2%","52.5%","12.5%","95.8","1.98","4.09","3.66","3.76","0.6","27.3%","3.71","11752"
"Blake Treinen","LAD","6","5","7","72","0","72.1","10.58","3.11","0.62",".244","80.6%","52.6%","9.6%","97.7","1.99","2.45","2.88","3.25","1.8","28.9%","2.71","12572"
"Drew Steckenrider","SEA","5","2","14","62","0","67.2","7.71","2.26","0.67",".257","86.4%","37.4%","6.6%","94.2","2.00","3.34","3.35","4.37","1.3","26.2%","3.43","18806"
"Jordan Romano","TOR","7","1","23","62","0","63.0","12.14","3.57","1.00",".252","87.4%","46.8%","12.5%","97.5","2.14","2.61","3.15","3.28","1.2","29.9%","2.84","16122"
"Jonathan Loaisiga","NYY","9","4","5","57","0","70.2","8.79","2.04","0.38",".276","79.1%","60.9%","6.7%","98.1","2.17","2.16","2.58","3.15","2.4","28.8%","2.39","19753"
"Kenley Jansen","LAD","4","4","38","69","0","69.0","11.22","4.70","0.52",".213","77.5%","37.1%","6.0%","","2.22","2.83","3.08","4.04","1.8","31.7%","2.87","3096"
"Tyler Rogers","SFG","7","1","13","80","0","81.0","6.11","1.44","0.56",".278","81.2%","57.6%","7.7%","83.0","2.22","2.80","3.28","3.89","1.3","26.6%","3.10","15541"
"David Bednar","PIT","3","1","3","61","0","60.2","11.42","2.82","0.74",".259","84.9%","41.4%","9.3%","97.0","2.23","2.57","2.69","3.19","1.2","30.8%","2.81","19569"
"Mark Melancon","SDP","4","3","39","64","0","64.2","8.21","3.48","0.56",".284","79.3%","56.4%","12.1%","92.2","2.23","4.27","3.35","3.45","1.1","27.4%","4.11","4264"
"Ryan Pressly","HOU","5","3","26","64","0","64.0","11.39","1.83","0.56",".296","76.2%","55.5%","9.3%","95.5","2.25","2.57","2.06","2.43","2.4","33.5%","2.00","7005"
"Adam Cimber","- - -","3","4","1","72","0","71.2","6.40","2.01","0.25",".281","73.9%","53.8%","3.3%","87.1","2.26","3.27","3.07","4.21","1.1","25.7%","3.04","15288"
"Craig Kimbrel","- - -","4","5","24","63","0","59.2","15.08","3.47","0.91",".243","78.2%","30.3%","11.5%","96.7","2.26","2.35","2.43","2.66","2.2","35.5%","2.60","6655"
"Jose Alvarez","SFG","5","2","0","67","1","64.2","5.85","2.64","0.28",".251","70.8%","50.5%","3.4%","91.4","2.37","3.44","3.15","4.36","1.0","27.7%","3.31","5358"
"Carlos Rodon","CHW","13","5","0","24","24","132.2","12.55","2.44","0.88",".267","82.2%","37.7%","9.6%","95.4","2.37","2.63","2.65","3.17","4.9","30.3%","2.48","16137"
"Scott Barlow","KCR","5","3","16","71","0","74.1","11.02","3.39","0.48",".315","83.1%","38.9%","5.7%","95.3","2.42","3.34","2.63","3.59","2.1","33.0%","3.08","14993"
"Corbin Burnes","MIL","11","5","0","28","28","167.0","12.61","1.83","0.38",".309","75.7%","48.8%","6.1%","96.5","2.43","2.01","1.63","2.30","7.5","33.8%","1.96","19361"
"Max Scherzer","- - -","15","4","0","30","30","179.1","11.84","1.81","1.15",".247","84.3%","33.5%","11.7%","94.5","2.46","2.89","2.97","3.24","5.4","31.6%","2.87","3137"
"Walker Buehler","LAD","16","4","0","33","33","207.2","9.19","2.25","0.82",".247","80.9%","44.7%","10.1%","95.5","2.47","3.08","3.15","3.57","5.5","29.6%","3.22","19374"
"Devin Williams","MIL","8","2","3","58","0","54.0","14.50","4.67","0.83",".298","83.1%","45.4%","12.5%","95.3","2.50","2.80","2.82","2.92","1.4","34.8%","2.74","15816"
"Luis Cessa","- - -","5","2","0","53","0","64.2","7.52","2.64","0.70",".273","74.6%","51.1%","9.4%","93.9","2.51","3.68","3.39","3.83","0.9","29.5%","3.77","13345"
"Danny Duffy","KCR","4","3","0","13","12","61.0","9.59","3.25","0.89",".289","83.8%","33.3%","8.2%","93.8","2.51","4.24","3.40","4.23","1.6","28.5%","3.70","3542"
"JT Chargois","- - -","6","1","0","56","0","53.2","8.89","3.35","0.84",".250","84.2%","44.5%","9.8%","95.9","2.52","3.68","3.86","4.32","0.3","27.3%","3.72","13767"
"Liam Hendriks","CHW","8","3","38","69","0","71.0","14.32","0.89","1.39",".252","79.8%","32.6%","15.1%","97.8","2.54","1.91","2.34","2.14","2.7","29.5%","2.12","3548"
"Brandon Woodruff","MIL","9","10","0","30","30","179.1","10.59","2.16","0.90",".261","81.4%","41.5%","12.7%","96.5","2.56","3.29","2.96","3.05","4.7","30.0%","3.81","16162"
"Raisel Iglesias","LAA","7","5","34","65","0","70.0","13.24","1.54","1.41",".288","81.0%","39.4%","18.3%","96.4","2.57","2.49","2.83","2.30","2.0","36.8%","3.10","17130"
"Tyler Matzek","ATL","0","4","0","69","0","63.0","11.00","5.29","0.43",".255","80.2%","40.1%","5.9%","96.0","2.57","3.01","3.20","4.01","1.1","25.6%","3.77","10058"
"Trevor Bauer","LAD","8","5","0","17","17","107.2","11.45","3.09","1.59",".220","88.9%","33.5%","16.0%","94.0","2.59","3.39","4.03","3.69","1.8","30.4%","3.89","12703"
"Hunter Strickland","- - -","3","2","0","57","0","58.2","8.90","3.38","1.23",".250","83.3%","34.8%","10.5%","95.0","2.61","3.73","4.19","4.71","0.3","27.8%","3.84","7836"
"Jarlin Garcia","SFG","6","3","1","58","0","68.2","8.91","2.36","1.18",".227","75.8%","40.4%","13.6%","93.2","2.62","3.12","3.77","3.76","0.4","29.9%","4.12","18282"
"Trevor Rogers","MIA","7","8","0","25","25","133.0","10.62","3.11","0.41",".301","74.9%","40.1%","5.0%","94.6","2.64","3.37","2.55","3.54","4.2","30.4%","3.01","22286"
"Tyler Glasnow","TBR","5","2","0","14","14","88.0","12.58","2.76","1.02",".250","82.4%","45.3%","14.3%","97.3","2.66","2.70","2.77","2.70","2.6","33.7%","2.55","14374"
"Lance Lynn","CHW","11","6","0","28","28","157.0","10.09","2.58","1.03",".263","81.5%","38.1%","10.2%","94.0","2.69","2.59","3.32","3.81","4.2","25.7%","3.29","2520"
"Cole Sulser","BAL","5","4","8","60","0","63.1","10.37","3.27","0.71",".276","79.7%","41.3%","7.8%","93.3","2.70","3.15","2.98","3.74","1.5","28.8%","3.05","15256"
"Jake McGee","SFG","3","2","31","62","0","59.2","8.75","1.51","1.06",".228","67.1%","35.9%","9.3%","95.0","2.72","3.03","3.35","4.05","1.1","25.4%","3.20","7550"
"J.P. Feyereisen","- - -","4","4","3","55","0","56.0","8.52","5.30","0.80",".217","74.2%","36.8%","7.4%","93.3","2.73","3.87","4.21","5.19","0.2","27.7%","3.76","16610"
"Lucas Luetge","NYY","4","2","1","57","1","72.1","9.71","1.87","0.75",".307","71.8%","42.2%","7.7%","","2.74","3.29","2.84","3.66","1.5","25.1%","2.96","8337"
"Diego Castillo","- - -","5","5","16","61","0","58.1","11.57","2.62","1.39",".244","78.9%","49.2%","19.1%","95.7","2.78","2.78","3.74","3.15","0.7","32.1%","3.29","17496"
"Zack Wheeler","PHI","14","10","0","32","32","213.1","10.42","1.94","0.68",".288","75.3%","49.8%","10.8%","97.3","2.78","2.78","2.59","2.84","7.3","28.0%","3.09","10310"
"Anthony Bender","MIA","3","2","3","60","1","61.1","10.42","2.93","0.73",".276","76.6%","49.7%","12.2%","97.4","2.79","2.98","3.19","3.31","1.0","35.4%","3.48","19742"
"Ryan Tepera","- - -","0","2","2","65","0","61.1","10.86","2.79","0.59",".223","74.4%","44.0%","6.6%","93.4","2.79","2.55","2.73","3.64","1.6","30.7%","2.19","10291"
"Phil Bickford","- - -","4","2","1","57","0","51.1","10.34","3.33","1.23",".244","83.0%","46.8%","15.9%","93.9","2.81","3.15","3.93","3.67","0.4","30.2%","3.78","18519"
"Freddy Peralta","MIL","10","5","0","28","27","144.1","12.16","3.49","0.87",".230","79.1%","33.0%","9.5%","93.4","2.81","2.72","3.12","3.66","4.0","31.3%","3.12","18679"
"Kevin Gausman","SFG","14","6","0","33","33","192.0","10.64","2.34","0.94",".274","78.4%","41.9%","11.3%","94.7","2.81","3.49","3.00","3.28","4.8","31.0%","3.23","14107"
"Dylan Floro","MIA","6","6","15","68","0","64.0","8.72","3.52","0.28",".282","70.5%","49.2%","3.6%","93.8","2.81","3.57","2.81","3.95","1.5","27.0%","2.96","13394"
"Garrett Crochet","CHW","3","5","0","54","0","54.1","10.77","4.47","0.33",".296","71.4%","40.2%","4.0%","96.8","2.82","3.27","2.80","3.95","1.3","28.9%","3.11","27463"
"Robbie Ray","TOR","13","7","0","32","32","193.1","11.54","2.47","1.54",".268","90.1%","37.2%","15.9%","94.6","2.84","3.55","3.69","3.36","3.9","29.6%","3.75","11486"
"Drew Rasmussen","- - -","4","1","1","35","10","76.0","8.64","2.96","0.59",".255","73.3%","47.3%","8.1%","97.3","2.84","3.65","3.09","3.67","1.4","29.0%","3.53","25385"
"Josh Staumont","KCR","4","3","5","64","0","65.2","9.87","3.70","0.82",".236","75.5%","38.0%","8.2%","96.7","2.88","3.89","3.49","4.26","1.0","28.8%","3.33","18335"
"Spencer Turnbull","DET","4","2","0","9","9","50.0","7.92","2.16","0.36",".254","70.3%","57.2%","5.3%","94.5","2.88","3.03","2.95","3.77","1.5","25.9%","2.73","16207"
"Cal Quantrill","CLE","8","3","0","40","22","149.2","7.28","2.83","0.96",".267","80.0%","43.2%","10.7%","94.6","2.89","3.89","4.06","4.43","1.9","25.1%","4.61","19312"
"Nestor Cortes","NYY","2","3","0","22","14","93.0","9.97","2.42","1.35",".265","85.0%","27.4%","11.3%","90.8","2.90","3.29","3.78","4.18","1.7","26.4%","3.87","17874"
"Zack Littell","SFG","4","0","2","63","2","61.2","9.19","3.50","1.02",".250","77.2%","46.9%","11.7%","95.0","2.92","3.84","3.87","4.11","0.3","26.2%","3.56","15823"
"Richard Rodriguez","- - -","5","4","14","64","0","64.1","5.88","1.40","1.12",".222","80.7%","31.0%","7.5%","93.3","2.94","4.21","4.04","5.36","0.8","24.6%","3.49","13549"
"Richard Bleier","MIA","3","2","0","68","0","58.0","6.83","0.93","0.62",".280","73.5%","65.5%","16.0%","90.9","2.95","2.98","3.01","2.88","1.0","27.4%","3.27","7803"
"Julio Urias","LAD","20","3","0","32","32","185.2","9.45","1.84","0.92",".272","76.2%","40.2%","9.4%","94.0","2.96","3.12","3.13","3.73","5.0","29.8%","3.06","14765"
"Michael Fulmer","DET","5","6","14","52","4","69.2","9.43","2.58","0.90",".323","79.6%","45.2%","10.3%","95.6","2.97","3.84","3.46","3.87","1.6","27.6%","3.62","13218"
"Marcus Stroman","NYM","10","13","0","33","33","179.0","7.94","2.21","0.85",".286","75.5%","50.8%","12.8%","92.9","3.02","4.33","3.49","3.57","3.4","28.5%","3.89","13431"
"Giovanny Gallegos","STL","6","5","14","73","0","80.1","10.64","2.24","0.67",".246","71.4%","33.0%","6.9%","94.7","3.02","3.12","2.75","3.69","2.2","30.7%","2.66","14986"
"Logan Webb","SFG","11","3","0","27","26","148.1","9.59","2.18","0.55",".309","74.7%","60.9%","12.5%","93.3","3.03","3.22","2.72","2.79","4.1","30.9%","3.02","17995"
"Max Fried","ATL","14","7","0","28","28","165.2","8.58","2.23","0.81",".278","75.9%","51.8%","12.1%","94.0","3.04","3.49","3.31","3.45","3.8","27.9%","3.76","13743"
"Jose Ruiz","CHW","1","3","0","59","0","65.0","8.72","3.46","1.11",".246","77.2%","41.8%","11.6%","97.1","3.05","4.36","3.98","4.26","0.5","27.7%","4.13","14552"
"Adam Wainwright","STL","17","7","0","32","32","206.1","7.59","2.18","0.92",".256","78.4%","47.5%","11.7%","89.3","3.05","3.84","3.66","3.87","3.8","29.8%","4.02","2233"
"Craig Stammen","SDP","6","3","1","67","4","88.1","8.46","1.32","1.32",".272","83.3%","54.9%","17.6%","92.6","3.06","3.37","3.75","3.31","0.8","28.7%","3.45","7274"
"Hirokazu Sawamura","BOS","5","1","0","55","0","53.0","10.36","5.43","1.53",".279","82.8%","51.8%","18.8%","96.3","3.06","4.30","5.00","4.39","-0.3","27.5%","4.68","27515"
"Paul Sewald","SEA","10","3","11","62","0","64.2","14.47","3.34","1.39",".254","80.8%","26.1%","14.1%","92.4","3.06","2.87","3.08","3.00","1.4","33.9%","2.99","13892"
"Pablo Lopez","MIA","5","5","0","20","20","102.2","10.08","2.28","0.96",".301","79.7%","47.0%","13.3%","94.0","3.07","3.52","3.29","3.32","2.3","27.8%","3.53","17085"
"Brent Suter","MIL","12","5","1","61","1","73.1","8.47","2.95","1.10",".300","74.6%","52.6%","14.5%","87.3","3.07","3.70","3.91","3.80","0.5","24.7%","4.08","13942"
"Wily Peralta","DET","4","5","0","19","18","93.2","5.57","3.65","1.15",".259","78.4%","50.7%","13.2%","93.9","3.07","4.66","4.94","4.99","0.7","23.7%","5.13","7738"
"Chad Green","NYY","10","7","6","67","0","83.2","10.65","1.83","1.51",".232","77.2%","27.3%","13.3%","95.8","3.12","3.15","3.59","3.63","1.6","30.0%","3.45","15552"
"Framber Valdez","HOU","11","6","0","22","22","134.2","8.35","3.88","0.80",".268","78.3%","70.3%","21.4%","92.3","3.14","3.78","4.01","3.58","1.9","28.8%","3.82","17295"
"Chris Bassitt","OAK","12","4","0","27","27","157.1","9.10","2.23","0.86",".271","78.2%","41.8%","9.2%","93.5","3.15","3.49","3.34","3.93","3.3","28.1%","3.41","12304"
"Lance McCullers Jr.","HOU","13","5","0","28","28","162.1","10.26","4.21","0.72",".273","78.5%","56.4%","11.7%","93.4","3.16","3.39","3.52","3.69","3.3","31.4%","3.40","14120"
"Shane Bieber","CLE","7","4","0","16","16","96.2","12.48","3.07","1.02",".327","80.5%","44.0%","14.7%","92.9","3.17","3.76","3.02","2.91","2.6","33.5%","3.51","19427"
"Anthony DeSclafani","SFG","13","7","0","31","31","167.2","8.16","2.25","1.02",".265","78.3%","44.3%","11.0%","94.2","3.17","3.92","3.62","3.95","3.0","27.6%","3.62","13050"
"Joe Musgrove","SDP","11","9","0","32","31","181.1","10.08","2.68","1.09",".266","79.7%","43.5%","14.0%","93.3","3.18","3.89","3.70","3.65","3.3","31.4%","4.02","12970"
"Shohei Ohtani","LAA","9","2","0","23","23","130.1","10.77","3.04","1.04",".269","79.4%","45.0%","13.3%","95.7","3.18","3.32","3.51","3.55","3.0","28.8%","3.67","19755"
"Lou Trivino","OAK","7","8","22","71","0","73.2","8.19","4.15","0.61",".265","71.9%","48.0%","7.6%","95.8","3.18","4.27","3.78","4.48","0.6","26.0%","3.81","15043"
"Tyler Duffey","MIN","3","3","3","64","0","62.1","8.81","4.04","0.58",".277","73.2%","46.0%","7.4%","92.6","3.18","3.84","3.49","4.18","0.8","27.7%","3.84","13758"
"Brett Martin","TEX","4","4","0","66","0","62.1","6.06","2.02","0.72",".305","67.6%","57.4%","10.0%","94.0","3.18","3.44","3.54","3.91","0.6","26.8%","3.70","17369"
"Eric Lauer","MIL","7","5","0","24","20","118.2","8.87","3.11","1.21",".249","79.4%","35.8%","12.0%","92.5","3.19","3.92","4.04","4.26","1.7","26.2%","4.56","19316"
"Sandy Alcantara","MIA","9","15","0","33","33","205.2","8.80","2.19","0.92",".270","72.4%","53.3%","13.3%","98.1","3.19","3.49","3.42","3.45","4.2","27.9%","3.45","18684"
"Ian Kennedy","- - -","3","1","26","55","0","56.1","9.91","2.72","1.92",".244","91.1%","23.3%","15.2%","94.3","3.20","3.92","4.75","4.45","0.0","27.7%","4.91","6986"
"Chasen Shreve","PIT","3","3","0","57","0","56.1","7.19","4.47","1.12",".234","83.6%","38.4%","10.8%","91.7","3.20","3.87","4.73","5.15","-0.1","24.8%","4.97","10855"
"Jack Flaherty","STL","9","2","0","17","15","78.1","9.77","2.99","1.38",".233","74.8%","38.9%","15.6%","94.0","3.22","4.86","4.22","3.96","0.9","28.2%","4.56","17479"
"Pierce Johnson","SDP","3","4","0","63","2","58.2","11.81","4.14","0.92",".308","81.1%","34.1%","10.0%","95.5","3.22","3.39","3.31","3.78","0.8","31.7%","3.42","13435"
"Alek Manoah","TOR","9","2","0","20","20","111.2","10.24","3.22","0.97",".246","76.6%","38.8%","10.7%","93.5","3.22","3.37","3.80","4.17","2.0","28.2%","4.14","26410"
"Adrian Houser","MIL","10","6","0","28","26","142.1","6.64","4.05","0.76",".259","74.6%","59.0%","13.8%","94.1","3.22","4.15","4.33","4.31","1.5","23.3%","4.82","12718"
"Gerrit Cole","NYY","16","8","0","30","30","181.1","12.06","2.03","1.19",".305","77.9%","43.1%","13.5%","97.8","3.23","3.15","2.92","2.93","5.3","32.1%","2.71","13125"
"Tony Gonsolin","LAD","4","1","0","15","13","55.2","10.51","5.50","1.29",".250","86.2%","36.5%","12.9%","93.9","3.23","3.68","4.53","4.63","0.5","28.4%","4.38","19388"
"Caleb Thielbar","MIN","7","0","0","59","0","64.0","10.83","2.81","1.13",".297","80.8%","31.7%","10.1%","91.5","3.23","3.92","3.47","4.02","0.9","28.8%","3.47","10078"
"Alex Reyes","STL","10","8","29","69","0","72.1","11.82","6.47","1.12",".233","77.8%","37.0%","12.3%","96.9","3.24","3.55","4.40","4.56","0.2","29.7%","4.14","15015"
"Zach Thompson","MIA","3","7","0","26","14","75.0","7.92","3.36","0.72",".269","68.9%","43.4%","7.1%","92.3","3.24","3.68","3.69","4.65","1.3","27.1%","3.36","16094"
"Luis Garcia","HOU","11","8","0","30","28","155.1","9.68","2.90","1.10",".287","77.7%","38.5%","11.4%","93.3","3.30","3.98","3.63","3.93","3.1","29.7%","3.75","23735"
"Daniel Hudson","- - -","5","3","0","54","0","51.2","13.06","2.79","1.39",".288","75.9%","29.7%","13.3%","97.1","3.31","3.24","3.21","3.24","1.0","28.2%","3.13","7146"
"Brad Boxberger","MIL","5","4","4","71","0","64.2","11.55","3.48","1.11",".250","76.8%","37.4%","12.7%","93.5","3.34","3.37","3.65","3.76","0.8","31.2%","3.76","10133"
"Charlie Morton","ATL","14","6","0","33","33","185.2","10.47","2.81","0.78",".267","71.0%","47.8%","12.1%","95.5","3.34","3.32","3.17","3.31","4.6","31.0%","3.78","4676"
"Mychal Givens","- - -","4","3","8","54","0","51.0","9.53","4.76","1.24",".286","80.4%","36.4%","14.3%","95.0","3.35","4.36","4.54","4.45","0.1","29.2%","5.97","10430"
"Wandy Peralta","- - -","5","4","5","56","1","51.0","7.59","3.71","1.06",".291","75.1%","57.9%","17.1%","95.9","3.35","3.84","4.31","3.99","0.2","29.2%","4.47","14295"
"Aroldis Chapman","NYY","6","4","30","61","0","56.1","15.50","6.07","1.44",".281","83.9%","42.7%","23.1%","98.4","3.36","3.89","3.99","3.13","0.6","33.4%","3.94","10233"
"Wade Miley","CIN","12","7","0","28","28","163.0","6.90","2.76","0.94",".301","79.4%","49.4%","12.6%","90.1","3.37","4.15","3.97","4.07","2.9","25.4%","4.95","8779"
"Frankie Montas","OAK","13","9","0","32","32","187.0","9.96","2.74","0.96",".296","74.5%","42.8%","11.4%","96.6","3.37","3.95","3.37","3.64","4.1","29.2%","3.62","14309"
"Keegan Thompson","CHC","3","3","1","32","6","53.1","9.28","5.23","1.52",".267","86.3%","43.0%","17.0%","93.9","3.38","5.41","5.16","4.72","-0.2","25.9%","5.61","19795"
"Gregory Soto","DET","6","3","18","62","0","63.2","10.74","5.65","0.99",".257","73.8%","44.9%","12.1%","98.4","3.39","3.60","4.14","4.32","0.5","30.8%","4.14","19677"
"Tim Mayza","TOR","5","2","1","61","0","53.0","9.68","2.04","0.85",".263","70.8%","58.8%","16.1%","93.7","3.40","3.01","3.09","2.90","0.9","29.3%","3.32","15042"
"Joel Payamps","- - -","1","3","0","37","1","50.1","6.79","2.50","1.07",".260","73.1%","44.4%","9.7%","94.7","3.40","2.96","4.10","4.73","0.4","25.5%","3.72","14332"
"Ryne Stanek","HOU","3","5","2","72","0","68.1","10.93","4.87","1.05",".242","72.9%","33.7%","10.5%","97.7","3.42","4.03","4.11","4.55","0.4","27.6%","4.03","15947"
"Kyle Funkhouser","DET","7","4","1","57","2","68.1","8.30","5.00","0.79",".277","74.0%","53.2%","10.7%","96.0","3.42","4.30","4.27","4.57","0.3","26.2%","4.30","19456"
"Steve Cishek","LAA","0","2","0","74","0","68.1","8.43","5.40","0.26",".303","72.2%","49.7%","3.1%","89.8","3.42","3.57","3.74","5.04","0.9","26.9%","3.62","6483"
"Shane McClanahan","TBR","10","6","0","25","25","123.1","10.29","2.70","1.02",".328","78.9%","45.5%","14.3%","96.7","3.43","4.57","3.31","3.23","2.5","31.5%","3.86","21483"
"Reynaldo Lopez","CHW","4","4","0","20","9","57.2","8.58","2.03","1.56",".222","68.3%","39.0%","16.7%","95.8","3.43","3.81","4.19","3.77","0.7","26.3%","4.62","16400"
"Connor Brogdon","PHI","5","4","1","56","1","57.2","7.80","2.81","0.94",".256","67.7%","44.2%","9.7%","96.1","3.43","2.98","3.78","4.32","0.7","24.9%","3.71","21205"
"Will Smith","ATL","3","7","37","71","0","68.0","11.51","3.71","1.46",".250","82.6%","31.3%","14.3%","92.8","3.44","3.32","4.17","4.06","0.4","31.4%","4.40","8048"
"Edwin Diaz","NYM","5","6","32","63","0","62.2","12.78","3.30","0.43",".301","67.8%","34.1%","5.3%","98.9","3.45","2.63","2.48","3.47","2.0","30.8%","2.59","14710"
"Miguel Castro","NYM","3","4","0","69","2","70.1","9.85","5.50","0.90",".241","76.8%","52.3%","12.5%","","3.45","4.21","4.36","4.47","0.1","30.2%","3.89","15684"
"Kwang-hyun Kim","STL","7","7","1","27","21","106.2","6.75","3.29","1.01",".271","76.5%","47.4%","10.9%","89.4","3.46","4.42","4.34","4.70","1.2","26.5%","4.24","27458"
"Bryan Shaw","CLE","6","7","2","81","0","77.1","8.26","4.42","1.16",".276","79.8%","45.5%","14.7%","95.5","3.49","4.48","4.53","4.40","-0.1","25.0%","5.25","8110"
"Trevor Richards","- - -","7","2","1","53","0","64.1","10.91","3.08","1.68",".201","79.6%","27.7%","16.2%","92.7","3.50","3.81","4.20","3.80","0.3","28.5%","4.49","19309"
"Michael Kopech","CHW","4","3","0","44","4","69.1","13.37","3.12","1.17",".304","78.3%","37.7%","13.4%","97.4","3.50","2.72","2.97","2.99","1.7","33.0%","2.91","17282"
"Aaron Bummer","CHW","5","5","2","62","0","56.1","11.98","4.63","0.48",".298","66.4%","76.1%","17.6%","","3.51","2.70","2.96","2.80","1.2","32.4%","2.55","16258"
"Jose Berrios","- - -","12","9","0","32","32","192.0","9.56","2.11","1.03",".277","72.3%","42.8%","12.6%","94.1","3.52","4.09","3.47","3.59","4.1","29.0%","4.05","14168"
"Tanner Houck","BOS","1","5","1","18","13","69.0","11.35","2.74","0.52",".317","66.3%","48.2%","7.4%","94.7","3.52","3.22","2.58","3.20","2.2","30.5%","2.89","19879"
"Lucas Giolito","CHW","11","9","0","31","31","178.2","10.13","2.62","1.36",".269","77.5%","33.2%","13.8%","94.0","3.53","3.29","3.79","3.75","4.0","29.8%","4.27","15474"
"Kyle Finnegan","WSN","5","9","11","68","0","66.0","9.27","4.64","1.23",".304","69.8%","47.6%","13.8%","95.7","3.55","3.68","4.52","4.48","0.1","27.6%","4.49","15009"
"Clayton Kershaw","LAD","10","8","0","22","22","121.2","10.65","1.55","1.11",".289","71.7%","48.5%","14.7%","90.7","3.55","3.17","3.00","2.87","3.4","32.6%","2.97","2036"
"Michael King","NYY","2","4","0","22","6","63.1","8.81","3.41","0.85",".288","73.8%","45.3%","10.7%","95.4","3.55","4.79","3.86","4.19","0.7","28.6%","4.48","19853"
"Cristian Javier","HOU","4","1","2","36","9","101.1","11.55","4.71","1.42",".234","82.2%","27.6%","14.2%","93.7","3.55","4.51","4.43","4.35","0.7","27.7%","4.69","17606"
"Ian Anderson","ATL","9","5","0","24","24","128.1","8.70","3.72","1.12",".261","79.1%","49.3%","15.1%","94.6","3.58","4.30","4.12","3.96","1.9","27.2%","4.47","19951"
"Trevor May","NYM","7","3","4","68","0","62.2","11.92","3.45","1.44",".302","76.9%","36.3%","13.2%","96.6","3.59","2.89","3.74","3.81","0.5","29.7%","3.17","6398"
"Clay Holmes","- - -","8","4","0","69","0","70.0","10.03","3.73","0.64",".273","68.4%","68.7%","15.6%","96.1","3.60","2.85","3.28","3.16","1.1","32.9%","2.99","13649"
"Chris Flexen","SEA","14","6","0","31","31","179.2","6.26","2.00","0.95",".300","76.6%","42.4%","9.1%","92.9","3.61","4.27","3.89","4.56","3.0","23.7%","4.06","13896"
"Jose Urquidy","HOU","8","3","0","20","20","107.0","7.57","1.60","1.43",".237","77.2%","32.2%","12.1%","92.7","3.62","3.87","4.14","4.38","1.8","28.4%","4.33","18413"
"Tim Hill","SDP","6","6","1","78","0","59.2","8.45","3.47","1.36",".261","68.2%","60.6%","20.0%","92.1","3.62","3.87","4.71","4.08","-0.2","27.5%","4.04","16814"
"John Means","BAL","6","9","0","26","26","146.2","8.22","1.60","1.84",".240","80.5%","32.9%","15.0%","92.9","3.62","4.06","4.61","4.36","2.5","26.8%","4.66","16269"
"Patrick Sandoval","LAA","3","6","1","17","14","87.0","9.72","3.72","1.14",".266","75.9%","51.1%","15.9%","93.3","3.62","3.57","4.03","3.79","1.5","31.0%","4.11","19447"
"Michael Pineda","MIN","9","8","0","22","21","109.1","7.24","1.73","1.40",".294","77.7%","39.8%","13.1%","90.9","3.62","4.92","4.21","4.29","1.4","27.9%","4.73","5372"
"Chris Stratton","PIT","7","1","8","68","0","79.1","9.76","3.74","1.02",".293","76.6%","41.4%","11.1%","93.2","3.63","3.73","3.76","4.09","0.7","28.8%","3.93","13761"
"Hector Neris","PHI","4","7","12","74","0","74.1","11.87","3.87","1.45",".262","76.8%","47.1%","17.1%","94.3","3.63","2.87","4.08","3.65","0.6","31.9%","3.59","11804"
"Jose Cisnero","DET","4","4","4","67","0","61.2","9.05","4.52","0.88",".278","67.0%","45.7%","10.9%","96.8","3.65","4.18","4.13","4.43","0.6","26.6%","4.37","6399"
"Jake Brentz","KCR","5","2","2","72","0","64.0","10.69","5.20","0.98",".250","71.6%","49.0%","13.0%","97.0","3.66","4.39","4.23","4.30","0.2","29.4%","4.18","17783"
"Carlos Hernandez","KCR","6","2","0","24","11","85.2","7.77","4.31","0.74",".267","74.9%","39.5%","7.3%","97.2","3.68","4.33","4.08","4.99","1.0","24.5%","4.40","22713"
"Archie Bradley","PHI","7","3","2","53","0","51.0","7.06","3.88","0.88",".299","75.4%","55.7%","11.6%","94.2","3.71","3.92","4.35","4.56","0.3","23.0%","4.27","12918"
"Kyle Gibson","- - -","10","9","0","31","30","182.0","7.66","3.16","0.84",".276","73.7%","51.7%","11.1%","93.1","3.71","3.87","3.87","4.14","3.0","27.0%","4.07","10123"
"Casey Mize","DET","7","9","0","30","30","150.1","7.06","2.45","1.44",".254","79.5%","48.1%","16.2%","94.1","3.71","4.89","4.71","4.37","1.3","26.9%","4.85","20492"
"Genesis Cabrera","STL","4","5","0","71","0","70.0","9.90","4.63","0.39",".280","69.8%","42.0%","4.5%","97.9","3.73","3.65","3.28","4.39","1.1","25.9%","3.29","17490"
"Tyler Mahle","CIN","13","6","0","33","33","180.0","10.50","3.20","1.20",".297","77.6%","42.2%","14.1%","94.2","3.75","3.73","3.80","3.74","3.8","29.3%","4.24","16358"
"Nathan Eovaldi","BOS","11","9","0","32","32","182.1","9.63","1.73","0.74",".326","70.4%","42.0%","8.2%","97.1","3.75","3.37","2.79","3.48","5.6","29.9%","3.47","9132"
"Jose Suarez","LAA","8","8","0","23","14","98.1","7.78","3.29","1.01",".267","73.0%","48.1%","11.8%","92.9","3.75","4.09","4.12","4.33","1.3","27.6%","4.31","19911"
"Justin Dunn","SEA","1","3","0","11","11","50.1","8.76","5.19","1.07",".238","79.5%","33.8%","8.7%","93.8","3.75","4.86","4.74","5.61","0.5","25.4%","4.10","19268"
"Alex Cobb","LAA","8","3","0","18","18","93.1","9.45","3.18","0.48",".315","65.8%","53.3%","8.2%","93.2","3.76","3.95","2.92","3.38","2.5","30.0%","3.60","6562"
"Nabil Crismatt","SDP","3","1","0","45","0","81.1","7.86","2.66","1.11",".324","75.2%","50.6%","12.7%","90.1","3.76","4.15","4.20","4.32","0.2","28.2%","3.95","17732"
"A.J. Minter","ATL","3","6","0","61","0","52.1","9.80","3.44","0.34",".298","61.1%","45.0%","4.2%","96.1","3.78","2.98","2.69","3.81","1.3","30.7%","3.08","18655"
"Matt Barnes","BOS","6","5","24","60","0","54.2","13.83","3.29","1.32",".306","73.4%","41.7%","15.1%","96.2","3.79","2.70","3.21","3.01","1.3","33.6%","2.71","12863"
"Tyler Alexander","DET","2","4","0","41","15","106.1","7.36","2.37","1.35",".285","78.7%","37.9%","11.0%","90.7","3.81","4.27","4.39","4.86","1.0","24.9%","4.28","17735"
"Anthony Bass","MIA","3","9","0","70","1","61.1","8.51","3.52","1.61",".268","73.6%","43.7%","18.3%","95.5","3.82","4.60","4.93","4.32","-0.4","31.5%","5.11","7982"
"Steven Matz","TOR","14","7","0","29","29","150.2","8.60","2.57","1.08",".321","75.4%","45.5%","12.3%","","3.82","4.06","3.79","3.94","2.8","27.8%","4.38","13361"
"Corey Kluber","NYY","5","3","0","16","16","80.0","9.23","3.71","0.90",".310","74.4%","42.5%","9.6%","90.3","3.83","4.09","3.84","4.38","1.5","29.2%","3.95","2429"
"Alex Wood","SFG","10","4","0","26","26","138.2","9.87","2.53","0.91",".305","72.9%","50.8%","14.0%","","3.83","3.87","3.48","3.44","2.5","32.3%","3.87","13781"
"Jordan Montgomery","NYY","6","7","0","30","30","157.1","9.27","2.92","1.09",".307","73.7%","42.7%","11.8%","92.7","3.83","4.12","3.69","3.93","3.3","28.4%","3.94","16511"
"Aaron Civale","CLE","12","5","0","21","21","124.1","7.17","2.24","1.66",".249","78.5%","45.0%","17.2%","91.5","3.84","4.73","4.83","4.32","0.8","25.8%","4.89","19479"
"Mike Mayers","LAA","5","5","2","72","2","75.0","10.80","3.12","1.32",".324","80.4%","37.0%","13.8%","94.6","3.84","3.76","3.84","3.81","0.7","29.2%","4.08","15451"
"Rich Hill","- - -","7","8","0","32","31","158.2","8.51","3.12","1.19",".277","77.3%","35.2%","11.2%","88.4","3.86","4.42","4.34","4.70","1.7","30.3%","4.40","4806"
"Jake Diekman","OAK","3","3","7","67","0","60.2","12.31","5.04","1.48",".282","78.9%","34.8%","16.4%","95.6","3.86","4.45","4.46","4.09","-0.1","30.9%","4.45","5003"
"Matthew Boyd","DET","3","8","0","15","15","78.2","7.67","2.63","1.03",".294","74.2%","38.4%","9.3%","92.2","3.89","4.18","4.10","4.79","1.4","27.3%","4.28","15440"
"Brad Hand","- - -","6","7","21","68","0","64.2","8.49","3.62","1.25",".267","65.0%","39.8%","12.3%","93.1","3.90","4.66","4.58","4.76","-0.1","28.0%","4.79","9111"
"Dylan Cease","CHW","13","7","0","32","32","165.2","12.28","3.69","1.09",".309","73.9%","33.3%","11.3%","96.8","3.91","3.60","3.40","3.72","4.4","30.3%","3.63","18525"
"Sean Manaea","OAK","11","10","0","32","32","179.1","9.74","2.06","1.25",".318","77.3%","42.0%","13.8%","","3.91","4.09","3.65","3.62","3.3","28.6%","3.89","15873"
"Jorge Alcala","MIN","3","6","1","59","0","59.2","9.20","1.96","1.51",".245","67.4%","44.1%","17.9%","97.5","3.92","3.65","4.06","3.53","0.3","28.7%","4.22","19459"
"Yusmeiro Petit","OAK","8","3","2","78","0","78.0","4.27","1.38","1.38",".227","72.1%","37.1%","10.6%","87.8","3.92","4.27","4.72","5.28","0.0","24.5%","4.57","4020"
"Tony Watson","- - -","7","4","0","62","0","57.1","6.91","2.83","0.63",".226","61.1%","45.6%","7.1%","92.6","3.92","3.42","3.48","4.30","0.8","27.3%","3.65","3132"
"Jeurys Familia","NYM","9","4","1","65","0","59.1","10.92","4.10","1.52",".311","76.4%","51.0%","23.3%","97.3","3.94","3.68","4.40","3.49","0.0","29.3%","4.44","5114"
"Marco Gonzales","SEA","10","6","0","25","25","143.1","6.78","2.64","1.82",".239","82.2%","32.2%","14.2%","88.5","3.96","5.06","5.28","5.16","0.6","25.7%","5.12","15467"
"Josh Sborz","TEX","4","3","1","63","0","59.0","10.53","4.88","1.07",".302","74.1%","41.9%","12.1%","97.0","3.97","3.89","4.00","4.19","0.3","28.1%","4.17","18323"
"Luis Castillo","CIN","8","16","0","33","33","187.2","9.21","3.60","0.91",".318","71.5%","56.6%","15.0%","97.3","3.98","3.62","3.75","3.63","3.7","27.6%","4.14","15689"
"Jake Woodford","STL","3","4","0","26","8","67.2","6.65","3.33","0.93",".291","75.1%","41.3%","9.6%","92.5","3.99","4.60","4.50","5.06","0.3","25.0%","5.03","18674"
"David Price","LAD","5","2","1","39","11","73.2","7.09","3.18","0.98",".309","75.7%","50.4%","11.4%","93.0","4.03","4.03","4.23","4.49","0.7","26.7%","4.29","3184"
"Huascar Ynoa","ATL","4","6","0","18","17","91.0","9.89","2.47","1.38",".271","73.8%","47.3%","18.4%","96.6","4.05","4.30","3.93","3.40","1.4","30.6%","4.37","20468"
"James Karinchak","CLE","7","4","11","60","0","55.1","12.69","5.20","1.46",".228","74.5%","39.3%","18.4%","96.1","4.07","3.57","4.31","3.76","0.2","29.5%","4.41","20151"
"James Kaprielian","OAK","8","5","0","24","21","119.1","9.28","3.09","1.43",".274","77.2%","35.1%","12.3%","93.3","4.07","4.42","4.33","4.56","1.3","28.4%","4.02","18331"
"Johnny Cueto","SFG","7","7","0","22","21","114.2","7.69","2.35","1.18",".327","74.3%","38.1%","12.0%","91.9","4.08","4.92","4.05","4.27","1.5","24.3%","4.74","6893"
"John Gant","- - -","5","11","0","39","21","110.0","7.53","5.81","0.82",".272","73.4%","47.0%","10.9%","92.4","4.09","5.19","4.78","5.07","0.5","25.5%","5.38","13684"
"Austin Adams","SDP","3","2","0","65","0","52.2","12.99","5.98","0.17",".257","68.9%","33.7%","2.2%","94.1","4.10","4.03","3.89","5.19","0.2","32.5%","4.02","13801"
"Tyler Wells","BAL","2","3","4","44","0","57.0","10.26","1.89","1.42",".226","64.4%","21.4%","11.0%","95.2","4.11","3.57","3.63","4.11","0.9","27.1%","3.84","20000"
"Deolis Guerra","OAK","4","1","0","53","0","65.2","8.50","2.74","1.10",".257","65.3%","34.3%","8.9%","90.8","4.11","3.15","3.96","4.80","0.4","27.1%","3.42","8410"
"Zach Pop","MIA","1","0","0","50","0","54.2","8.40","3.95","0.49",".319","69.7%","57.6%","7.7%","95.0","4.12","3.92","3.77","4.32","0.3","26.2%","3.70","20185"
"Alex Colome","MIN","4","4","17","67","0","65.0","8.03","3.18","1.11",".305","64.4%","53.7%","13.8%","93.9","4.15","4.70","4.23","4.21","0.1","27.4%","4.29","6661"
"Zack Greinke","HOU","11","6","0","30","29","171.0","6.32","1.89","1.58",".263","75.0%","44.4%","17.4%","89.0","4.16","4.42","4.71","4.21","1.3","26.7%","5.35","1943"
"Joe Ross","WSN","5","9","0","20","19","108.0","9.08","2.83","1.42",".277","71.4%","43.2%","15.5%","93.9","4.17","4.24","4.36","4.11","1.3","30.1%","4.68","12972"
"Zach Eflin","PHI","4","7","0","18","18","105.2","8.43","1.36","1.28",".327","72.8%","43.5%","14.2%","93.2","4.17","3.78","3.68","3.61","2.2","28.3%","4.34","13774"
"Elieser Hernandez","MIA","1","3","0","11","11","51.2","9.23","2.44","2.26",".289","85.2%","38.4%","20.0%","91.0","4.18","4.54","5.38","4.32","0.0","28.9%","5.07","16933"
"Sonny Gray","CIN","7","9","0","26","26","135.1","10.31","3.33","1.26",".280","72.4%","47.2%","16.5%","92.6","4.19","3.24","3.99","3.66","2.4","30.1%","4.47","12768"
"Bailey Ober","MIN","3","3","0","20","20","92.1","9.36","1.85","1.95",".296","79.8%","33.1%","16.8%","92.4","4.19","4.48","4.56","4.01","1.0","28.2%","4.77","21224"
"Blake Snell","SDP","7","6","0","27","27","128.2","11.89","4.83","1.12",".291","74.4%","39.7%","14.3%","95.2","4.20","4.83","3.82","3.74","2.1","29.2%","4.08","13543"
"Jose Alvarado","PHI","7","1","5","64","0","55.2","10.99","7.60","0.81",".298","74.2%","57.4%","17.9%","98.5","4.20","4.15","4.80","4.52","-0.3","31.6%","5.28","17780"
"Adam Ottavino","BOS","7","3","11","69","0","62.0","10.31","5.08","0.73",".316","73.3%","40.0%","7.9%","95.7","4.21","3.76","3.96","4.70","0.5","31.7%","4.35","1247"
"Jake Odorizzi","HOU","6","7","0","24","23","104.2","7.82","2.92","1.38",".273","74.4%","35.3%","11.6%","92.5","4.21","4.63","4.48","4.82","1.1","23.8%","4.52","6397"
"Yimi Garcia","- - -","4","9","15","62","0","57.2","9.36","2.81","1.25",".273","61.6%","40.0%","14.5%","96.1","4.21","4.48","3.88","3.76","0.4","29.6%","4.39","12095"
"Brett Anderson","MIL","4","9","0","24","24","96.0","5.44","2.63","1.03",".294","68.6%","57.5%","16.9%","89.3","4.22","5.73","4.39","4.09","0.9","23.8%","5.17","8223"
"Yu Darvish","SDP","8","11","0","30","30","166.1","10.77","2.38","1.52",".274","72.3%","37.0%","14.6%","94.6","4.22","3.29","3.90","3.75","2.9","30.3%","3.63","13074"
"Cole Irvin","OAK","10","15","0","32","32","178.1","6.31","2.12","1.16",".302","71.1%","37.6%","10.4%","91.0","4.24","4.99","4.30","4.82","2.1","24.8%","4.87","19244"
"Luke Weaver","ARI","3","6","0","13","13","65.2","8.50","2.74","1.51",".260","70.8%","38.3%","14.7%","93.7","4.25","4.54","4.42","4.26","0.7","27.2%","4.94","16918"
"Justin Steele","CHC","4","4","0","20","9","57.0","9.32","4.26","1.89",".262","81.3%","50.3%","26.1%","93.3","4.26","4.03","5.52","4.21","-0.1","28.6%","5.82","17312"
"Paolo Espino","WSN","5","5","1","35","19","109.2","7.55","2.05","1.56",".280","75.4%","36.0%","13.6%","89.1","4.27","4.89","4.46","4.46","1.1","27.8%","4.84","8246"
"Codi Heuer","- - -","7","4","2","65","0","67.1","7.49","3.07","0.94",".301","69.8%","43.6%","10.3%","96.0","4.28","3.89","3.97","4.40","0.7","27.2%","4.36","23293"
"Dennis Santana","- - -","2","4","0","55","0","54.2","7.57","5.27","0.66",".289","67.2%","50.3%","8.7%","96.3","4.28","5.23","4.36","4.89","0.1","27.0%","4.57","17878"
"Zac Gallen","ARI","4","10","0","23","23","121.1","10.31","3.63","1.41",".286","74.6%","43.7%","15.8%","93.4","4.30","3.92","4.25","3.96","1.5","27.0%","4.44","19291"
"Jameson Taillon","NYY","8","6","0","29","29","144.1","8.73","2.74","1.50",".272","73.1%","33.2%","12.1%","94.1","4.30","3.92","4.43","4.69","2.0","27.0%","4.28","11674"
"Luis Patino","TBR","5","3","0","19","15","77.1","8.61","3.38","1.40",".265","72.4%","30.8%","10.8%","96.0","4.31","4.30","4.51","5.03","0.6","24.7%","4.29","22815"
"Kyle Freeland","COL","7","8","0","23","23","120.2","7.83","2.83","1.49",".325","78.9%","45.0%","16.4%","91.5","4.33","4.15","4.63","4.26","1.5","26.6%","5.64","16256"
"Duane Underwood Jr.","PIT","2","3","0","43","0","72.2","8.05","3.34","1.11",".316","71.3%","43.5%","13.0%","94.4","4.33","4.99","4.27","4.34","0.1","27.9%","5.08","14677"
"Jhoulys Chacin","COL","3","2","0","46","1","64.1","6.58","3.92","1.12",".242","70.2%","46.1%","13.1%","92.6","4.34","4.18","4.63","4.69","0.2","25.0%","5.93","2608"
"Tarik Skubal","DET","8","12","0","31","29","149.1","9.88","2.83","2.11",".277","81.4%","38.5%","20.5%","94.5","4.34","5.51","5.08","4.06","0.7","27.4%","5.24","22267"
"Taylor Widener","ARI","2","1","0","23","13","70.1","9.34","4.73","1.79",".271","79.4%","34.0%","15.2%","92.7","4.35","5.51","5.56","5.28","-0.1","26.0%","5.66","19266"
"Trevor Williams","- - -","4","2","0","23","15","91.0","8.90","3.07","1.09",".348","71.2%","45.6%","12.9%","91.8","4.35","4.45","3.88","3.96","1.2","26.8%","4.44","16977"
"Hyun-Jin Ryu","TOR","14","10","0","31","31","169.0","7.62","1.97","1.28",".295","70.7%","46.8%","14.1%","89.8","4.37","4.45","4.02","3.94","2.5","28.5%","4.48","14444"
"Carlos Estevez","COL","3","5","11","64","0","61.2","8.76","3.06","1.17",".352","74.9%","43.7%","12.3%","97.2","4.38","4.30","4.03","4.20","0.6","24.7%","4.96","14542"
"Dillon Tate","BAL","0","6","3","62","0","67.2","6.52","3.06","0.93",".269","69.0%","59.7%","13.5%","95.2","4.39","4.12","4.40","4.41","0.4","28.2%","4.29","17796"
"German Marquez","COL","12","11","0","32","32","180.0","8.80","3.20","1.05",".293","69.3%","51.6%","15.9%","95.1","4.40","4.01","3.86","3.64","3.4","28.0%","5.01","15038"
"Trevor Stephan","CLE","3","1","1","43","0","63.1","10.66","4.41","2.13",".272","84.5%","33.1%","19.5%","96.4","4.41","5.30","5.49","4.56","-0.5","27.8%","5.70","19932"
"Yusei Kikuchi","SEA","7","9","0","29","29","157.0","9.34","3.55","1.55",".289","74.6%","48.4%","20.6%","95.3","4.41","5.16","4.61","3.85","1.1","28.8%","4.82","20633"
"Antonio Senzatela","COL","4","10","0","28","28","156.2","6.03","1.84","0.69",".324","66.8%","51.2%","8.7%","94.7","4.42","4.36","3.61","4.17","3.5","25.0%","4.78","15488"
"Kris Bubic","KCR","6","7","0","29","20","130.0","7.89","4.08","1.52",".280","76.8%","46.9%","18.3%","91.0","4.43","5.26","5.14","4.57","0.3","26.9%","5.64","21455"
"Hansel Robles","- - -","3","5","14","72","0","69.0","9.91","4.83","1.04",".292","68.7%","43.2%","11.6%","96.9","4.43","4.79","4.30","4.56","0.1","26.3%","4.34","11801"
"Merrill Kelly","ARI","7","11","0","27","27","158.0","7.41","2.34","1.20",".301","70.5%","43.9%","12.6%","91.7","4.44","4.54","4.11","4.24","2.4","26.1%","4.57","11156"
"Taijuan Walker","NYM","7","11","0","30","29","159.0","8.26","3.11","1.47",".253","69.4%","41.9%","14.3%","94.6","4.47","4.54","4.57","4.47","1.4","28.3%","4.14","11836"
"Drew Smyly","ATL","11","4","0","29","23","126.2","8.31","2.91","1.92",".295","77.4%","39.2%","18.4%","92.1","4.48","5.02","5.11","4.39","0.4","28.1%","5.61","11760"
"Touki Toussaint","ATL","3","3","0","11","10","50.0","8.64","3.96","1.98",".248","77.3%","47.1%","23.4%","93.2","4.50","5.55","5.79","4.59","-0.2","28.3%","6.06","16929"
"Brandon Bielak","HOU","3","4","1","28","2","50.0","8.28","3.78","0.90",".301","66.2%","43.8%","10.4%","94.1","4.50","4.09","4.07","4.46","0.2","27.7%","4.61","19866"
"Dane Dunning","TEX","5","10","0","27","25","117.2","8.72","3.29","0.99",".338","72.9%","53.9%","14.3%","","4.51","4.73","3.94","3.87","1.8","28.6%","4.13","19409"
"Tylor Megill","NYM","4","6","0","18","18","89.2","9.94","2.71","1.91",".297","78.5%","42.4%","18.8%","94.7","4.52","3.84","4.69","3.92","0.6","26.8%","4.17","21318"
"Austin Gomber","COL","9","9","0","23","23","115.1","8.82","3.20","1.56",".264","69.5%","44.3%","16.8%","91.8","4.53","4.09","4.61","4.17","1.3","30.4%","5.39","16561"
"Tyler Anderson","- - -","7","11","0","31","31","167.0","7.22","2.05","1.46",".284","71.3%","35.1%","12.2%","90.8","4.53","4.21","4.37","4.60","2.1","26.7%","4.62","12880"
"Nick Pivetta","BOS","9","8","1","31","30","155.0","10.16","3.77","1.39",".288","73.2%","38.3%","13.6%","95.0","4.53","3.84","4.28","4.28","2.2","27.1%","4.39","15454"
"Jeff Hoffman","CIN","3","5","0","31","11","73.0","9.74","5.55","1.48",".299","76.6%","37.7%","15.2%","94.5","4.56","4.60","5.20","4.97","0.2","27.4%","5.95","17432"
"Domingo German","NYY","4","5","0","22","18","98.1","8.97","2.47","1.56",".271","70.1%","42.2%","13.8%","93.5","4.58","4.06","4.31","4.27","1.3","30.0%","3.78","17149"
"Adbert Alzolay","CHC","5","13","1","29","21","125.2","9.17","2.44","1.79",".266","73.3%","45.3%","21.9%","94.2","4.58","4.54","4.65","3.66","1.0","28.6%","5.12","17859"
"Jon Gray","COL","8","12","0","29","29","149.0","9.48","3.50","1.27",".298","69.6%","48.4%","15.1%","95.0","4.59","3.95","4.22","4.04","2.3","28.8%","4.83","14916"
"Jaime Barria","LAA","2","4","0","13","11","56.2","5.56","3.02","1.27",".333","77.7%","43.5%","12.5%","93.1","4.61","5.85","4.88","5.04","0.5","23.9%","5.56","18356"
"Anthony Misiewicz","SEA","5","5","0","66","0","54.2","8.73","2.47","1.15",".338","69.9%","42.4%","12.3%","94.4","4.61","4.01","3.77","3.95","0.5","27.0%","4.11","18152"
"Aaron Nola","PHI","9","9","0","32","32","180.2","11.11","1.94","1.30",".308","66.8%","40.5%","13.5%","93.1","4.63","3.39","3.37","3.37","4.5","31.2%","3.41","16149"
"Ross Detwiler","- - -","3","1","0","53","5","52.1","10.66","3.44","1.72",".264","75.9%","39.9%","17.5%","92.0","4.64","4.15","4.89","4.33","-0.3","28.4%","4.62","2859"
"Kenta Maeda","MIN","6","5","0","21","21","106.1","9.56","2.71","1.35",".316","69.3%","38.4%","14.4%","90.8","4.66","3.73","4.10","3.99","1.7","28.3%","4.66","18498"
"Taylor Hearn","TEX","6","6","0","42","11","104.1","7.94","3.62","1.47",".275","70.8%","39.4%","13.7%","95.4","4.66","4.83","4.82","4.80","0.1","26.9%","4.86","18325"
"Zach Plesac","CLE","10","6","0","25","25","142.2","6.31","2.14","1.45",".263","67.9%","45.3%","13.3%","93.0","4.67","4.54","4.73","4.77","1.1","26.3%","4.57","19979"
"Sergio Romo","OAK","1","1","3","66","0","61.2","8.76","3.06","1.31",".281","69.3%","37.5%","11.5%","85.9","4.67","3.44","4.24","4.57","0.2","31.1%","3.95","9817"
"Madison Bumgarner","ARI","7","10","0","26","26","146.1","7.63","2.40","1.48",".265","67.8%","33.3%","12.3%","90.5","4.67","4.33","4.63","4.85","1.5","28.1%","4.99","5524"
"Logan Gilbert","SEA","6","5","0","24","24","119.1","9.65","2.11","1.28",".293","67.9%","32.3%","10.9%","95.4","4.68","4.09","3.73","4.19","2.2","25.9%","3.78","22250"
"Ervin Santana","KCR","2","2","0","38","2","65.1","7.16","3.03","1.24",".292","70.7%","35.7%","11.0%","93.5","4.68","5.92","4.47","4.89","0.1","26.3%","5.19","3200"
"Jon Lester","- - -","7","6","0","28","28","141.1","5.79","3.50","1.59",".296","73.1%","43.7%","15.8%","89.0","4.71","5.13","5.41","5.09","0.0","23.4%","6.01","4930"
"Phil Maton","- - -","6","0","0","65","1","66.2","11.48","4.32","0.81",".345","70.5%","39.0%","8.7%","91.7","4.73","3.62","3.50","4.16","0.7","31.7%","3.72","18064"
"Tyler Kinley","COL","3","2","0","70","0","70.1","8.70","3.33","1.54",".251","71.2%","38.9%","14.5%","96.0","4.73","3.87","4.65","4.51","0.2","26.5%","5.29","18297"
"Vladimir Gutierrez","CIN","9","6","0","22","22","114.0","6.95","3.63","1.58",".281","75.9%","43.4%","14.3%","93.4","4.74","4.48","5.22","5.11","0.6","26.4%","5.27","19278"
"Martin Perez","BOS","7","8","0","36","22","114.0","7.66","2.84","1.50",".336","71.2%","43.6%","16.1%","93.6","4.74","5.51","4.82","4.48","0.6","26.5%","5.75","6902"
"Eduardo Rodriguez","BOS","13","8","0","32","31","157.2","10.56","2.68","1.08",".363","68.9%","43.2%","12.7%","92.8","4.74","3.55","3.32","3.43","3.8","28.1%","3.89","13164"
"Kyle Hendricks","CHC","14","7","0","32","32","181.0","6.51","2.19","1.54",".299","73.0%","43.1%","15.6%","87.5","4.77","4.99","4.89","4.61","1.3","27.5%","5.57","12049"
"Ross Stripling","TOR","5","7","0","24","19","101.1","8.35","2.66","2.04",".270","76.9%","35.5%","17.2%","91.8","4.80","4.83","5.21","4.59","0.2","26.3%","5.51","13273"
"Chad Kuhl","PIT","5","7","0","28","14","80.1","8.40","4.71","1.46",".286","69.9%","44.1%","16.9%","94.6","4.82","4.79","5.31","4.90","-0.1","27.6%","5.70","14975"
"Caleb Smith","ARI","4","9","0","45","13","113.2","9.82","4.99","1.58",".254","73.1%","28.1%","12.7%","91.4","4.83","4.15","5.10","5.26","0.1","27.5%","5.11","14875"
"Emilio Pagan","SDP","4","3","0","67","0","63.1","9.81","2.56","2.27",".253","76.5%","22.4%","15.1%","95.0","4.83","4.66","5.22","4.89","-0.4","26.9%","4.55","14771"
"Greg Holland","KCR","3","5","8","57","0","55.2","8.57","4.20","1.46",".260","69.4%","41.6%","14.8%","92.8","4.85","5.59","4.82","4.65","-0.2","27.5%","5.17","7196"
"Garrett Richards","BOS","7","8","3","40","22","136.2","7.57","3.95","1.25",".333","69.8%","47.0%","13.7%","94.5","4.87","5.48","4.72","4.71","1.0","25.4%","5.24","9784"
"Matt Peacock","ARI","5","7","0","35","8","86.1","5.21","2.92","1.36",".320","68.8%","59.2%","18.6%","93.0","4.90","4.30","4.98","4.45","-0.1","24.0%","5.14","20339"
"Brady Singer","KCR","5","10","0","27","27","128.1","9.19","3.72","0.98",".350","67.8%","49.9%","13.0%","93.7","4.91","4.57","4.04","4.11","2.0","30.3%","4.62","25377"
"Johan Oviedo","STL","0","5","0","14","13","62.1","7.36","5.34","1.16",".285","70.0%","48.2%","14.0%","95.1","4.91","5.85","5.27","5.22","-0.1","26.7%","5.56","22487"
"Triston McKenzie","CLE","5","9","0","25","24","120.0","10.20","4.35","1.58",".227","68.3%","30.1%","14.7%","92.3","4.95","4.42","4.70","4.53","1.1","27.2%","4.90","18000"
"Kyle Zimmer","KCR","4","1","2","52","2","54.0","7.67","5.00","1.17",".279","66.5%","52.4%","13.2%","94.2","5.00","4.70","4.82","4.86","-0.2","26.6%","4.31","14169"
"Bruce Zimmermann","BAL","4","5","0","14","13","64.1","7.83","3.08","1.96",".319","78.1%","40.4%","20.3%","91.6","5.04","6.40","5.38","4.44","0.4","27.3%","6.35","20370"
"Mike Minor","KCR","8","12","0","28","28","158.2","8.45","2.33","1.47",".290","66.4%","38.4%","13.4%","91.1","5.05","4.42","4.29","4.32","2.3","26.8%","4.55","10021"
"Michael Wacha","TBR","3","5","0","29","23","124.2","8.74","2.24","1.66",".312","69.7%","39.5%","17.7%","94.0","5.05","5.55","4.47","3.91","1.1","25.3%","4.95","14078"
"Nick Wittgren","CLE","2","9","1","60","1","62.1","8.81","2.45","1.88",".291","68.0%","45.5%","24.5%","92.6","5.05","5.41","4.84","3.63","-0.3","28.6%","5.73","15594"
"Alec Mills","CHC","6","7","1","32","20","119.0","6.58","2.57","1.21",".324","66.2%","51.3%","15.0%","89.0","5.07","4.79","4.49","4.33","1.1","25.8%","4.94","13834"
"Chris Paddack","SDP","7","7","0","23","22","108.1","8.22","1.83","1.25",".311","60.7%","42.9%","12.9%","94.9","5.07","4.66","3.78","3.87","1.8","27.3%","4.11","20099"
"Josh Fleming","TBR","10","8","1","26","11","104.1","5.61","2.67","0.95",".293","65.3%","55.7%","12.8%","91.5","5.09","4.73","4.27","4.36","0.5","23.8%","4.34","20418"
"Ryan Yarbrough","TBR","9","7","0","30","21","155.0","6.79","1.57","1.45",".291","62.8%","35.8%","12.8%","86.7","5.11","4.51","4.45","4.59","1.2","27.2%","4.84","16502"
"Jordan Lyles","TEX","10","13","0","32","30","180.0","7.30","2.80","1.90",".299","75.1%","37.6%","17.4%","93.3","5.15","5.37","5.34","4.73","0.0","26.3%","5.87","7593"
"Tanner Scott","BAL","5","4","0","62","0","54.0","11.67","6.17","1.00",".318","69.0%","51.1%","17.1%","96.9","5.17","4.60","4.41","4.11","0.4","31.1%","4.98","17586"
"Daniel Bard","COL","7","8","20","67","0","65.2","10.96","4.93","1.10",".353","70.4%","42.5%","14.3%","97.6","5.21","4.24","4.28","4.20","0.5","29.7%","5.65","7115"
"Rex Brothers","CHC","3","2","1","57","0","53.0","12.74","5.94","1.53",".288","73.5%","35.0%","17.0%","94.7","5.26","5.33","4.87","4.42","-0.2","27.8%","5.07","9794"
"Dallas Keuchel","CHW","9","9","0","32","30","162.0","5.28","3.28","1.39",".307","68.2%","54.9%","17.9%","89.1","5.28","6.08","5.22","4.74","0.6","25.5%","5.57","9434"
"Ryan Weathers","SDP","4","7","1","30","18","94.2","6.85","2.85","1.90",".293","72.6%","43.9%","18.5%","93.9","5.32","5.30","5.44","4.71","-0.1","25.1%","5.27","23796"
"Austin Voth","WSN","4","1","0","49","1","57.1","9.26","4.40","1.57",".313","70.8%","37.8%","16.9%","94.3","5.34","6.16","4.90","4.44","-0.1","25.7%","5.61","15047"
"Eli Morgan","CLE","5","7","0","18","18","89.1","8.16","2.22","2.01",".278","70.5%","29.2%","14.7%","90.6","5.34","5.19","5.14","4.92","0.4","26.5%","5.20","20203"
"Bryse Wilson","- - -","3","7","0","16","16","74.0","5.59","2.68","1.82",".294","72.4%","36.7%","16.0%","93.2","5.35","5.62","5.49","5.10","0.1","24.1%","6.42","19990"
"JT Brubaker","PIT","5","13","0","24","24","124.1","9.34","2.75","2.03",".284","72.6%","42.8%","22.4%","93.2","5.36","4.60","5.16","4.00","0.3","28.6%","5.51","17578"
"Brad Keller","KCR","8","12","0","26","26","133.2","8.08","4.31","1.21",".347","68.7%","47.8%","14.9%","94.2","5.39","6.48","4.72","4.56","1.1","25.4%","5.43","15734"
"Kolby Allard","TEX","3","12","0","32","17","124.2","7.51","2.24","2.09",".270","67.8%","38.5%","17.9%","91.8","5.41","5.06","5.37","4.64","-0.3","25.7%","5.52","18694"
"Mike Foltynewicz","TEX","2","12","0","28","24","139.0","6.28","2.33","2.27",".254","72.6%","37.6%","19.2%","94.2","5.44","5.26","6.02","5.06","-0.8","25.3%","6.36","10811"
"Erick Fedde","WSN","7","9","0","29","27","133.1","8.64","3.24","1.55",".313","64.7%","49.7%","18.5%","","5.47","4.86","4.66","4.06","1.2","25.1%","4.87","17425"
"Josiah Gray","- - -","2","2","0","14","13","70.2","9.68","4.20","2.42",".249","75.6%","30.5%","18.6%","94.5","5.48","4.54","6.00","5.05","0.0","28.5%","5.51","24580"
"Wil Crowe","PIT","4","8","0","26","25","116.2","8.56","4.40","1.93",".311","74.0%","42.9%","18.8%","93.9","5.48","5.26","5.67","4.90","-0.3","25.5%","5.60","19800"
"David Peterson","NYM","2","6","0","15","15","66.2","9.32","3.92","1.49",".306","65.4%","49.2%","22.4%","92.8","5.54","5.85","4.77","3.93","0.3","27.4%","5.12","20302"
"Heath Hembree","- - -","2","7","9","60","0","58.0","12.88","3.72","1.86",".270","59.0%","26.1%","16.7%","95.5","5.59","3.12","4.34","3.84","0.3","28.7%","4.35","11632"
"Griffin Canning","LAA","5","4","0","14","13","62.2","8.90","4.02","2.01",".297","71.2%","35.1%","18.4%","93.6","5.60","4.63","5.48","4.72","0.1","26.9%","6.06","19867"
"Daniel Lynch","KCR","4","6","0","15","15","68.0","7.28","4.10","1.19",".335","67.4%","38.8%","11.0%","93.9","5.69","6.32","4.82","5.22","0.5","25.1%","5.52","21537"
"Zach Davies","CHC","6","12","0","32","32","148.0","6.93","4.56","1.52",".305","69.1%","42.5%","16.8%","","5.78","6.40","5.45","5.03","0.1","26.0%","6.48","13183"
"J.A. Happ","- - -","10","8","0","30","30","152.1","7.21","2.84","1.77",".314","68.8%","35.0%","13.7%","91.2","5.79","5.55","5.13","5.11","0.5","22.8%","5.25","7410"
"Matt Manning","DET","4","7","0","18","18","85.1","6.01","3.48","1.05",".305","61.9%","44.5%","10.2%","93.7","5.80","5.48","4.62","5.13","0.9","24.2%","5.10","20369"
"Jose Urena","DET","4","8","0","26","18","100.2","5.99","3.75","1.25",".319","65.3%","52.0%","14.7%","94.5","5.81","5.81","5.02","4.87","0.4","23.8%","5.36","11589"
"Patrick Corbin","WSN","9","16","0","31","31","171.2","7.50","3.15","1.94",".305","69.4%","47.2%","22.6%","92.4","5.82","5.62","5.41","4.29","0.2","26.5%","6.08","9323"
"Andrew Heaney","- - -","8","9","0","30","23","129.2","10.41","2.85","2.01",".304","67.4%","33.1%","18.1%","92.0","5.83","4.01","4.85","4.12","1.0","28.5%","5.15","15423"
"Riley Smith","ARI","1","4","1","24","6","67.1","4.81","2.00","1.34",".322","64.8%","43.2%","11.5%","93.0","6.01","5.30","4.88","5.23","0.0","24.6%","5.32","19826"
"Carlos Carrasco","NYM","1","5","0","12","12","53.2","8.39","3.02","2.01",".299","63.1%","42.3%","19.7%","93.5","6.04","4.63","5.22","4.32","0.1","26.4%","5.14","6632"
"Dylan Bundy","LAA","2","9","0","23","19","90.2","8.34","3.38","1.99",".273","64.4%","40.7%","19.2%","90.8","6.06","4.73","5.51","4.66","0.0","29.9%","5.82","12917"
"Junior Guerra","LAA","5","2","0","41","1","65.1","8.40","6.34","0.83",".319","66.0%","46.7%","9.4%","92.3","6.06","4.48","4.75","5.28","0.0","26.5%","5.02","5702"
"Jorge Lopez","BAL","3","14","0","33","25","121.2","8.28","4.14","1.55",".340","70.0%","50.4%","20.0%","95.2","6.07","5.44","5.20","4.48","0.8","26.4%","5.76","14527"
"Daniel Norris","- - -","2","3","1","56","0","57.0","9.16","4.74","1.42",".309","61.8%","45.5%","19.1%","92.8","6.16","4.33","4.87","4.27","0.0","26.3%","5.66","13475"
"Mitch Keller","PIT","5","11","0","23","23","100.2","8.23","4.38","0.89",".388","68.2%","40.4%","9.3%","94.1","6.17","5.70","4.30","4.90","1.1","24.4%","5.10","17594"
"Carlos Martinez","STL","4","9","0","16","16","82.1","6.23","3.94","0.87",".275","58.5%","50.2%","10.8%","93.8","6.23","5.88","4.76","5.08","0.6","25.7%","4.95","11682"
"Logan Allen","CLE","2","7","0","14","11","50.1","6.62","3.04","2.15",".303","64.3%","45.1%","22.2%","93.0","6.26","6.52","6.05","4.84","-0.4","24.5%","6.66","18555"
"Matt Harvey","BAL","6","14","0","28","28","127.2","6.70","2.61","1.34",".331","60.4%","42.7%","12.3%","93.6","6.27","5.41","4.60","4.81","1.9","24.1%","5.11","11713"
"Matt Moore","PHI","2","4","0","24","13","73.0","7.77","4.68","1.85",".292","66.0%","38.7%","16.7%","92.5","6.29","4.99","5.76","5.26","-0.2","24.7%","6.04","1890"
"Vince Velasquez","- - -","3","9","0","25","21","94.1","9.64","4.67","2.19",".283","68.0%","31.2%","19.0%","93.4","6.30","5.23","5.88","4.98","-0.3","27.0%","6.23","11189"
"Griffin Jax","MIN","4","5","0","18","14","82.0","7.13","3.18","2.52",".248","64.4%","31.9%","16.9%","92.7","6.37","5.62","6.47","5.75","-0.7","25.5%","6.02","20253"
"Jose Quintana","- - -","0","3","0","29","10","63.0","12.14","5.00","1.71",".378","64.4%","46.6%","21.4%","91.6","6.43","5.13","4.66","3.75","0.3","27.4%","4.82","11423"
"Chi Chi Gonzalez","COL","3","7","0","24","18","101.2","4.96","2.48","1.59",".321","64.1%","39.5%","15.5%","92.0","6.46","6.56","5.37","5.08","0.2","23.5%","7.71","14663"
"Alex Young","- - -","2","6","0","40","2","52.0","7.44","4.67","2.08",".329","66.5%","44.4%","21.8%","91.5","6.58","6.00","6.25","5.11","-1.0","27.0%","6.96","18333"
"Jesus Luzardo","- - -","6","9","0","25","18","95.1","9.25","4.53","1.89",".322","65.4%","38.4%","17.7%","95.8","6.61","5.33","5.48","4.84","-0.2","27.4%","5.52","19959"
"Keegan Akin","BAL","2","10","0","24","17","95.0","7.77","3.79","1.61",".325","64.0%","36.2%","13.1%","92.0","6.63","5.26","5.10","5.18","0.6","26.0%","5.34","19362"
"Sam Hentges","CLE","1","4","0","30","12","68.2","8.91","4.19","1.31",".385","63.0%","45.8%","13.2%","94.8","6.68","5.59","4.48","4.54","0.4","24.8%","4.50","18548"
"Adam Plutko","BAL","1","2","1","38","1","56.1","7.03","4.31","2.72",".293","73.0%","30.0%","18.3%","91.6","6.71","6.56","7.13","6.12","-1.2","21.7%","7.05","15846"
"Justus Sheffield","SEA","7","8","0","21","15","80.1","7.06","4.82","1.57",".350","63.0%","46.3%","16.5%","93.3","6.83","7.08","5.66","5.26","-0.3","25.2%","5.87","17285"
"Jake Arrieta","- - -","5","14","0","24","24","98.2","7.57","4.01","2.19",".343","61.1%","43.4%","23.3%","90.8","7.39","6.16","6.17","4.85","-0.7","25.5%","7.09","4153"
"Dean Kremer","BAL","0","7","0","13","13","53.2","7.88","4.19","2.85",".297","66.0%","30.4%","19.5%","92.6","7.55","6.48","6.99","5.73","-0.3","23.6%","6.79","19350"
"Brett De Geus","- - -","3","2","0","47","0","50.0","7.38","4.50","1.08",".354","55.4%","52.1%","15.4%","92.6","7.56","5.66","5.07","4.89","-0.4","24.4%","5.91","23592"
"Randy Dobnak","MIN","1","7","1","14","6","50.2","4.80","2.13","1.95",".311","55.0%","55.4%","26.8%","93.8","7.64","6.91","5.70","4.30","-0.2","23.4%","6.42","23798"
"Matt Shoemaker","MIN","3","8","0","16","11","60.1","5.97","4.03","2.24",".291","57.3%","45.0%","20.8%","91.9","8.06","6.28","6.57","5.44","-0.7","25.1%","6.83","4776"
"Spenser Watkins","BAL","2","7","0","16","10","54.2","5.76","3.13","2.30",".324","59.7%","33.5%","17.7%","90.9","8.07","6.91","6.37","5.59","-0.1","22.8%","7.53","17489"
"JC Mejia","CLE","1","7","0","17","11","52.1","8.08","4.13","2.24",".311","56.7%","47.9%","24.5%","93.1","8.25","5.88","6.15","4.71","-0.5","25.1%","6.35","20617"
